application,configured_copies,probe_id,phase,repetition,requested_tx_mpps,tx_cap_mpps,rate_capped,measured_tx_mpps,measured_rx_mpps,expected_rx_mpps,delivered_input_equiv_mpps,fanout_multiplier,delivery_ratio,success
xdp-clone,0,1,search,0,0.25,30.0,False,0.25079475,0.25080025,0.25079475,0.25080025,1.0,1.0000219302836284,True
xdp-clone,0,2,search,0,0.5,30.0,False,0.5014265,0.501427,0.5014265,0.501427,1.0,1.0000009971551165,True
xdp-clone,0,3,search,0,1.0,30.0,False,1.003042,1.003031,1.003042,1.003031,1.0,0.9999890333605174,True
xdp-clone,0,4,search,0,2.0,30.0,False,2.01104775,2.011039,2.01104775,2.011039,1.0,0.9999956490341912,True
xdp-clone,0,5,search,0,4.0,30.0,False,4.0118075,4.01178475,4.0118075,4.01178475,1.0,0.9999943292393767,True
xdp-clone,0,6,search,0,8.0,30.0,False,8.02444125,6.69036775,8.02444125,6.69036775,1.0,0.833748736088011,False
xdp-clone,0,7,search,0,6.0,30.0,False,6.01773325,6.01769025,6.01773325,6.01769025,1.0,0.9999928544522974,True
xdp-clone,0,8,search,0,7.0,30.0,False,7.021596,6.680446,7.021596,6.680446,1.0,0.9514141799100946,False
xdp-clone,0,9,search,0,6.5,30.0,False,6.52081425,6.52083025,6.52081425,6.52083025,1.0,1.0000024536813021,True
xdp-clone,0,10,search,0,6.75,30.0,False,6.77059225,6.681924,6.77059225,6.681924,1.0,0.9869039152372527,False
xdp-clone,0,11,search,0,6.625,30.0,False,6.64083,6.62841825,6.64083,6.62841825,1.0,0.9981309941678976,True
xdp-clone,0,12,search,0,6.6875,30.0,False,6.70362625,6.665279,6.70362625,6.665279,1.0,0.9942796258965063,True
xdp-clone,0,13,search,0,6.71875,30.0,False,6.73428325,6.70911775,6.73428325,6.70911775,1.0,0.9962630766978802,True
xdp-clone,0,14,search,0,6.734375,30.0,False,6.75105475,6.65565875,6.75105475,6.65565875,1.0,0.9858694672858341,False
xdp-clone,0,15,confirm,1,6.71875,30.0,False,6.74053425,6.6567295,6.74053425,6.6567295,1.0,0.9875670463361269,False
xdp-clone,0,16,confirm,2,6.71875,30.0,False,6.735428,6.67703975,6.735428,6.67703975,1.0,0.9913311744999723,True
xdp-clone,0,17,confirm,3,6.71875,30.0,False,6.73868,6.68779375,6.73868,6.68779375,1.0,0.9924486323731058,True
xdp-clone,1,1,search,0,0.25,15.0,False,0.2507015,0.5014075,0.501403,0.25070375,2.0,1.0000089748166643,True
xdp-clone,1,2,search,0,0.5,15.0,False,0.50126675,1.002538,1.0025335,0.501269,2.0,1.0000044886280608,True
xdp-clone,1,3,search,0,1.0,15.0,False,1.0025715,2.005157,2.005143,1.0025785,2.0,1.0000069820456696,True
xdp-clone,1,4,search,0,2.0,15.0,False,2.0068275,4.013685,4.013655,2.0068425,2.0,1.0000074744839802,True
xdp-clone,1,5,search,0,4.0,15.0,False,4.013254,8.02654575,8.026508,4.013272875,2.0,1.0000047031660593,True
xdp-clone,1,6,search,0,8.0,15.0,False,8.02140325,9.188256,16.0428065,4.594128,2.0,0.5727337046669484,False
xdp-clone,1,7,search,0,6.0,15.0,False,6.01356325,9.3191885,12.0271265,4.65959425,2.0,0.7748474666829188,False
xdp-clone,1,8,search,0,5.0,15.0,False,5.01629875,9.3317535,10.0325975,4.66587675,2.0,0.93014331532786,False
xdp-clone,1,9,search,0,4.5,15.0,False,4.51458125,8.911296,9.0291625,4.455648,2.0,0.9869460207411264,False
xdp-clone,1,10,search,0,4.25,15.0,False,4.26064325,8.521202,8.5212865,4.260601,2.0,0.999990083656969,True
xdp-clone,1,11,search,0,4.375,15.0,False,4.38968825,8.7793505,8.7793765,4.38967525,2.0,0.9999970385140676,True
xdp-clone,1,12,search,0,4.4375,15.0,False,4.45206225,8.9042225,8.9041245,4.45211125,2.0,1.000011006135415,True
xdp-clone,1,13,search,0,4.46875,15.0,False,4.4906205,8.943158,8.981241,4.471579,2.0,0.9957597173931754,True
xdp-clone,1,14,search,0,4.484375,15.0,False,4.49887125,8.949216,8.9977425,4.474608,2.0,0.994606813875814,True
xdp-clone,1,32,confirm,1,4.484375,15.0,False,4.49943925,8.974592,8.9988785,4.487296,2.0,0.9973011636950093,True
xdp-clone,1,33,confirm,2,4.484375,15.0,False,4.49889425,8.9571255,8.9977885,4.47856275,2.0,0.9954807784157185,True
xdp-clone,1,34,confirm,3,4.484375,15.0,False,4.49910775,8.989081,8.9982155,4.4945405,2.0,0.9989848542747171,True
xdp-clone,2,1,search,0,0.25,10.0,False,0.250858,0.752574,0.7525740000000001,0.25085799999999997,3.0,0.9999999999999999,True
xdp-clone,2,2,search,0,0.5,10.0,False,0.50165625,1.50497925,1.5049687500000002,0.5016597500000001,3.0,1.000006976889055,True
xdp-clone,2,3,search,0,1.0,10.0,False,1.00338725,3.01020975,3.01016175,1.00340325,3.0,1.0000159459869558,True
xdp-clone,2,4,search,0,2.0,10.0,False,2.0067005,6.0188795,6.0201015,2.0062931666666666,3.0,0.999797013389226,True
xdp-clone,2,5,search,0,4.0,10.0,False,4.012519,10.66253975,12.037557,3.554179916666667,3.0,0.8857727319588187,False
xdp-clone,2,6,search,0,3.0,10.0,False,3.012556,9.03769425,9.037668,3.0125647499999997,3.0,1.0000029045103227,True
xdp-clone,2,7,search,0,3.5,10.0,False,3.5116235,10.4912805,10.5348705,3.4970935,3.0,0.9958623126881342,True
xdp-clone,2,8,search,0,3.75,10.0,False,3.762549,10.88829725,11.287647,3.629432416666667,3.0,0.9646206379416367,False
xdp-clone,2,9,search,0,3.625,10.0,False,3.636499,10.80189475,10.909497,3.6006315833333336,3.0,0.9901368275732603,True
xdp-clone,2,10,search,0,3.6875,10.0,False,3.70252825,10.782576,11.10758475,3.594192,3.0,0.9707399261572145,False
xdp-clone,2,11,search,0,3.65625,10.0,False,3.66800975,10.65201525,11.00402925,3.55067175,3.0,0.9680104449013528,False
xdp-clone,2,12,search,0,3.640625,10.0,False,3.652125,10.64011,10.956375,3.5467033333333333,3.0,0.9711341570546829,False
xdp-clone,2,47,confirm,1,3.625,10.0,False,3.6365265,10.55506325,10.9095795,3.5183544166666665,3.0,0.9675041324919994,False
xdp-clone,2,48,confirm,2,3.625,10.0,False,3.637136,10.71360025,10.911408,3.5712000833333337,3.0,0.9818714734157132,False
xdp-clone,2,49,confirm,3,3.625,10.0,False,3.636837,10.715136,10.910511,3.5717119999999998,3.0,0.9820929560494462,False
xdp-clone,4,1,search,0,0.25,6.0,False,0.2508755,1.25437625,1.2543775,0.25087525,5.0,0.9999990034897789,True
xdp-clone,4,2,search,0,0.5,6.0,False,0.5016775,2.50836375,2.5083875,0.50167275,5.0,0.9999905317659253,True
xdp-clone,4,3,search,0,1.0,6.0,False,1.00324675,5.01619375,5.01623375,1.00323875,5.0,0.999992025889942,True
xdp-clone,4,4,search,0,2.0,6.0,False,2.00641525,10.02549025,10.03207625,2.00509805,5.0,0.9993435057872493,True
xdp-clone,4,5,search,0,4.0,6.0,False,4.01326725,10.465127,20.06633625,2.0930254,5.0,0.5215265442389864,False
xdp-clone,4,6,search,0,3.0,6.0,False,3.009878,10.50551875,15.04939,2.10110375,5.0,0.698069406799877,False
xdp-clone,4,7,search,0,2.5,6.0,False,2.5081195,10.4207095,12.540597499999999,2.0841418999999997,5.0,0.8309579746898025,False
xdp-clone,4,8,search,0,2.25,6.0,False,2.25820425,10.48184,11.29102125,2.096368,5.0,0.9283340955540226,False
xdp-clone,4,9,search,0,2.125,6.0,False,2.133942,10.43296,10.669709999999998,2.086592,5.0,0.9778110182938431,False
xdp-clone,4,10,search,0,2.0625,6.0,False,2.0695375,10.2968,10.3476875,2.05936,5.0,0.995082234557238,True
xdp-clone,4,11,search,0,2.09375,6.0,False,2.101008,10.40917075,10.505040000000001,2.0818341499999997,5.0,0.9908739757297448,True
xdp-clone,4,12,search,0,2.109375,6.0,False,2.116436,10.327248,10.582180000000001,2.0654496,5.0,0.9759093116919197,False
xdp-clone,4,62,confirm,1,2.09375,6.0,False,2.101068,10.42859325,10.50534,2.08571865,5.0,0.9926945010823067,True
xdp-clone,4,63,confirm,2,2.09375,6.0,False,2.100786,10.43882375,10.503929999999999,2.08776475,5.0,0.9938017246878074,True
xdp-clone,4,64,confirm,3,2.09375,6.0,False,2.100699,10.39104575,10.503495000000001,2.07820915,5.0,0.9892941111506217,False
xdp-clone,8,1,search,0,0.25,3.3333333333333335,False,0.25086375,2.25777375,2.25777375,0.25086375,9.0,1.0,True
xdp-clone,8,2,search,0,0.5,3.3333333333333335,False,0.5016425,4.51481175,4.5147825,0.50164575,9.0,1.0000064787174132,True
xdp-clone,8,3,search,0,1.0,3.3333333333333335,False,1.00341175,9.0304855,9.03070575,1.0033872777777777,9.0,0.999975610986993,True
xdp-clone,8,4,search,0,2.0,3.3333333333333335,False,2.00684,9.682704,18.06156,1.075856,9.0,0.536094556616372,False
xdp-clone,8,5,search,0,1.5,3.3333333333333335,False,1.50512175,9.599616,13.546095750000001,1.066624,9.0,0.7086629370680477,False
xdp-clone,8,6,search,0,1.25,3.3333333333333335,False,1.254413,9.596554,11.289717,1.0662837777777776,9.0,0.8500260901136848,False
xdp-clone,8,7,search,0,1.125,3.3333333333333335,False,1.12939425,9.609552,10.164548250000001,1.067728,9.0,0.9453988277344249,False
xdp-clone,8,8,search,0,1.0625,3.3333333333333335,False,1.065992,9.55065625,9.593928,1.0611840277777778,9.0,0.9954896732600036,True
xdp-clone,8,9,search,0,1.09375,3.3333333333333335,False,1.09737325,9.5222,9.87635925,1.0580222222222222,9.0,0.9641407080245689,False
xdp-clone,8,10,search,0,1.078125,3.3333333333333335,False,1.0817035,9.54662175,9.7353315,1.06073575,9.0,0.9806159913506798,False
xdp-clone,8,75,confirm,1,1.0625,3.3333333333333335,False,1.06601425,9.560016,9.59412825,1.0622239999999998,9.0,0.9964444659159104,True
xdp-clone,8,76,confirm,2,1.0625,3.3333333333333335,False,1.066885,9.523008,9.601965,1.0581120000000002,9.0,0.9917769956462038,True
xdp-clone,8,77,confirm,3,1.0625,3.3333333333333335,False,1.06570875,9.5374835,9.59137875,1.0597203888888889,9.0,0.9943808652118966,True
xdp-clone,16,1,search,0,0.25,1.7647058823529411,False,0.2508675,4.264705,4.2647475,0.250865,17.0,0.9999900345800073,True
xdp-clone,16,2,search,0,0.5,1.7647058823529411,False,0.50162575,5.72971875,8.52763775,0.3370422794117647,17.0,0.6718998763754944,False
xdp-clone,16,3,search,0,0.375,1.7647058823529411,False,0.37622075,5.73648,6.39575275,0.33744,17.0,0.8969202256919642,False
xdp-clone,16,4,search,0,0.3125,1.7647058823529411,False,0.3135975,5.33116175,5.3311575,0.31359775,17.0,1.0000007972002327,True
xdp-clone,16,5,search,0,0.34375,1.7647058823529411,False,0.345093,5.72424025,5.866581,0.33672001470588236,17.0,0.9757370178644086,False
xdp-clone,16,6,search,0,0.328125,1.7647058823529411,False,0.32931225,5.5982615,5.59830825,0.3293095,17.0,0.9999916492629716,True
xdp-clone,16,84,confirm,1,0.328125,1.7647058823529411,False,0.32981375,5.60683375,5.60683375,0.32981375,17.0,1.0,True
xdp-clone,16,85,confirm,2,0.328125,1.7647058823529411,False,0.32928975,5.5981255,5.59792575,0.3293015,17.0,1.0000356828598522,True
xdp-clone,16,86,confirm,3,0.328125,1.7647058823529411,False,0.32938,5.5994515,5.5994600000000005,0.3293795,17.0,0.9999984819964781,True
xdp-clone,32,1,search,0,0.25,0.9090909090909091,False,0.2508465,4.606272,8.277934499999999,0.13958399999999999,33.0,0.5564518540222806,False
xdp-clone,32,2,search,0,0.125,0.9090909090909091,False,0.1255285,4.1424405,4.142440499999999,0.12552850000000002,33.0,1.0000000000000002,True
xdp-clone,32,3,search,0,0.1875,0.9090909090909091,False,0.188066,4.59464775,6.206178,0.13923175,33.0,0.7403345102251336,False
xdp-clone,32,4,search,0,0.15625,0.9090909090909091,False,0.156781,4.602048,5.173773,0.139456,33.0,0.8894955383624291,False
xdp-clone,32,5,search,0,0.140625,0.9090909090909091,False,0.141076,4.59624,4.655508,0.13928,33.0,0.9872692732994981,False
xdp-clone,32,92,confirm,1,0.125,0.9090909090909091,False,0.12530175,4.1349,4.13495775,0.1253,33.0,0.9999860337146129,True
xdp-clone,32,93,confirm,2,0.125,0.9090909090909091,False,0.1254165,4.13880225,4.1387445,0.12541825,33.0,1.0000139535069152,True
xdp-clone,32,94,confirm,3,0.125,0.9090909090909091,False,0.125399,4.1382495,4.138167,0.1254015,33.0,1.0000199363631288,True
xdp-clone,64,1,search,0,0.25,0.46153846153846156,False,0.25086725,4.00231325,16.306371249999998,0.061574050000000005,65.0,0.24544475215477513,False
xdp-clone,64,2,search,0,0.125,0.46153846153846156,False,0.125414,3.99974425,8.151909999999999,0.061534526923076927,65.0,0.49065117868082453,False
xdp-clone,64,3,search,0,0.0625,0.46153846153846156,False,0.06273425,4.012064,4.07772625,0.061724061538461536,65.0,0.9838973373948287,False
xdp-clone,64,4,search,0,0.03125,0.46153846153846156,False,0.03136275,2.03861125,2.03857875,0.03136325,65.0,1.0000159424795338,True
xdp-clone,64,5,search,0,0.046875,0.46153846153846156,False,0.0470825,3.06031375,3.0603625,0.047081750000000006,65.0,0.9999840705145224,True
xdp-clone,64,100,confirm,1,0.046875,0.46153846153846156,False,0.04709675,3.06132125,3.06128875,0.04709725,65.0,1.0000106164438098,True
xdp-clone,64,101,confirm,2,0.046875,0.46153846153846156,False,0.04711175,3.06228025,3.06226375,0.04711200384615385,65.0,1.000005388170761,True
xdp-clone,64,102,confirm,3,0.046875,0.46153846153846156,False,0.04709275,3.06086775,3.06102875,0.047090273076923074,65.0,0.9999474033035461,True
inline-xdp-clone,0,1,search,0,0.25,30.0,False,0.25067475,0.250674,0.25067475,0.250674,1.0,0.9999970080752051,True
inline-xdp-clone,0,2,search,0,0.5,30.0,False,0.5012705,0.50126625,0.5012705,0.50126625,1.0,0.9999915215437575,True
inline-xdp-clone,0,3,search,0,1.0,30.0,False,1.00257,1.0025755,1.00257,1.0025755,1.0,1.000005485901234,True
inline-xdp-clone,0,4,search,0,2.0,30.0,False,2.005379,2.00534725,2.005379,2.00534725,1.0,0.99998416758129,True
inline-xdp-clone,0,5,search,0,4.0,30.0,False,4.0116365,4.0115965,4.0116365,4.0115965,1.0,0.9999900290068653,True
inline-xdp-clone,0,6,search,0,8.0,30.0,False,8.026124,7.16238375,8.026124,7.16238375,1.0,0.8923838891599483,False
inline-xdp-clone,0,7,search,0,6.0,30.0,False,6.0194255,6.019448,6.0194255,6.019448,1.0,1.000003737898243,True
inline-xdp-clone,0,8,search,0,7.0,30.0,False,7.02339625,6.767248,7.02339625,6.767248,1.0,0.9635292896937148,False
inline-xdp-clone,0,9,search,0,6.5,30.0,False,6.5213275,6.52138375,6.5213275,6.52138375,1.0,1.0000086255444156,True
inline-xdp-clone,0,10,search,0,6.75,30.0,False,6.7726195,6.709227,6.7726195,6.709227,1.0,0.9906398846118551,True
inline-xdp-clone,0,11,search,0,6.875,30.0,False,6.8990755,6.75591175,6.8990755,6.75591175,1.0,0.9792488500814348,False
inline-xdp-clone,0,12,search,0,6.8125,30.0,False,6.83508675,6.7651605,6.83508675,6.7651605,1.0,0.9897695153613083,False
inline-xdp-clone,0,13,search,0,6.78125,30.0,False,6.803673,6.76548425,6.803673,6.76548425,1.0,0.9943870391772209,True
inline-xdp-clone,0,14,search,0,6.796875,30.0,False,6.81862125,6.7197705,6.81862125,6.7197705,1.0,0.9855028243429712,False
inline-xdp-clone,0,117,confirm,1,6.78125,30.0,False,6.803677,6.6976105,6.803677,6.6976105,1.0,0.9844104151328759,False
inline-xdp-clone,0,118,confirm,2,6.78125,30.0,False,6.80326575,6.7344445,6.80326575,6.7344445,1.0,0.9898840861831688,False
inline-xdp-clone,0,119,confirm,3,6.78125,30.0,False,6.8033475,6.73939275,6.8033475,6.73939275,1.0,0.9905995173699418,True
inline-xdp-clone,1,1,search,0,0.25,15.0,False,0.25090275,0.5018035,0.5018055,0.25090175,2.0,0.9999960143920302,True
inline-xdp-clone,1,2,search,0,0.5,15.0,False,0.501237,1.002462,1.002474,0.501231,2.0,0.999988029614733,True
inline-xdp-clone,1,3,search,0,1.0,15.0,False,1.002631,2.005266,2.005262,1.002633,2.0,1.000001994751808,True
inline-xdp-clone,1,4,search,0,2.0,15.0,False,2.00623175,4.012508,4.0124635,2.006254,2.0,1.0000110904435642,True
inline-xdp-clone,1,5,search,0,4.0,15.0,False,4.013247,8.0265255,8.026494,4.01326275,2.0,1.0000039245030272,True
inline-xdp-clone,1,6,search,0,8.0,15.0,False,8.027024,8.881152,16.054048,4.440576,2.0,0.5532032793224487,False
inline-xdp-clone,1,7,search,0,6.0,15.0,False,6.01974775,8.698865,12.0394955,4.3494325,2.0,0.722527368360244,False
inline-xdp-clone,1,8,search,0,5.0,15.0,False,5.01435625,8.629344,10.0287125,4.314672,2.0,0.8604637933333915,False
inline-xdp-clone,1,9,search,0,4.5,15.0,False,4.514415,8.66768,9.02883,4.33384,2.0,0.9600003544202296,False
inline-xdp-clone,1,10,search,0,4.25,15.0,False,4.26659175,8.509273,8.5331835,4.2546365,2.0,0.9971979390810007,True
inline-xdp-clone,1,11,search,0,4.375,15.0,False,4.3891115,8.55328025,8.778223,4.276640125,2.0,0.9743749105029571,False
inline-xdp-clone,1,12,search,0,4.3125,15.0,False,4.32655125,8.5250285,8.6531025,4.26251425,2.0,0.9851990658841728,False
inline-xdp-clone,1,13,search,0,4.28125,15.0,False,4.29785225,8.531552,8.5957045,4.265776,2.0,0.992536679221581,True
inline-xdp-clone,1,14,search,0,4.296875,15.0,False,4.31081875,8.5702385,8.6216375,4.28511925,2.0,0.9940383714810557,True
inline-xdp-clone,1,134,confirm,1,4.296875,15.0,False,4.3108285,8.4959345,8.621657,4.24796725,2.0,0.9854178262948757,False
inline-xdp-clone,1,135,confirm,2,4.296875,15.0,False,4.31067975,8.47638775,8.6213595,4.238193875,2.0,0.9831845835914858,False
inline-xdp-clone,1,136,confirm,3,4.296875,15.0,False,4.31094225,8.463456,8.6218845,4.231728,2.0,0.9816248408338109,False
inline-xdp-clone,2,1,search,0,0.25,10.0,False,0.2508495,0.75254775,0.7525485000000001,0.25084924999999997,3.0,0.9999990033864926,True
inline-xdp-clone,2,2,search,0,0.5,10.0,False,0.50156775,1.504671,1.50470325,0.501557,3.0,0.9999785672025365,True
inline-xdp-clone,2,3,search,0,1.0,10.0,False,1.00330325,3.00992925,3.0099097500000003,1.00330975,3.0,1.000006478599566,True
inline-xdp-clone,2,4,search,0,2.0,10.0,False,2.0063735,6.019231,6.0191205,2.0064103333333336,3.0,1.0000183581637883,True
inline-xdp-clone,2,5,search,0,4.0,10.0,False,4.0130305,9.719616,12.039091500000001,3.239872,3.0,0.8073379955622066,False
inline-xdp-clone,2,6,search,0,3.0,10.0,False,3.0100705,9.0301965,9.0302115,3.0100655,3.0,0.9999983389093379,True
inline-xdp-clone,2,7,search,0,3.5,10.0,False,3.51122375,9.6072,10.533671250000001,3.2024000000000004,3.0,0.9120466902742953,False
inline-xdp-clone,2,8,search,0,3.25,10.0,False,3.26031525,9.73817625,9.78094575,3.24605875,3.0,0.9956272633451627,True
inline-xdp-clone,2,9,search,0,3.375,10.0,False,3.38568475,9.76619475,10.15705425,3.2553982500000003,3.0,0.9615184195752425,False
inline-xdp-clone,2,10,search,0,3.3125,10.0,False,3.3231565,9.804636,9.9694695,3.268212,3.0,0.9834661713945761,False
inline-xdp-clone,2,11,search,0,3.28125,10.0,False,3.29190675,9.54652725,9.87572025,3.1821757500000003,3.0,0.9666664312407999,False
inline-xdp-clone,2,12,search,0,3.265625,10.0,False,3.27601275,9.6334925,9.82803825,3.2111641666666664,3.0,0.980205027183324,False
inline-xdp-clone,2,149,confirm,1,3.25,10.0,False,3.2606665,9.635856,9.781999500000001,3.211952,3.0,0.9850599563003453,False
inline-xdp-clone,2,150,confirm,2,3.25,10.0,False,3.26129425,9.67644025,9.78388275,3.2254800833333337,3.0,0.989018419093381,False
inline-xdp-clone,2,151,confirm,3,3.25,10.0,False,3.26067075,9.62940975,9.782012250000001,3.20980325,3.0,0.984399682181956,False
inline-xdp-clone,4,1,search,0,0.25,6.0,False,0.2508775,1.2543825,1.2543875,0.2508765,5.0,0.999996013990892,True
inline-xdp-clone,4,2,search,0,0.5,6.0,False,0.50163375,2.50814,2.50816875,0.501628,5.0,0.9999885374538695,True
inline-xdp-clone,4,3,search,0,1.0,6.0,False,1.003325,5.016736,5.016625,1.0033471999999999,5.0,1.0000221264296214,True
inline-xdp-clone,4,4,search,0,2.0,6.0,False,2.0062655,9.42056,10.0313275,1.884112,5.0,0.9391139906458044,False
inline-xdp-clone,4,5,search,0,1.5,6.0,False,1.50557625,7.52776375,7.52788125,1.50555275,5.0,0.9999843913584583,True
inline-xdp-clone,4,6,search,0,1.75,6.0,False,1.756176,8.78090375,8.78088,1.75618075,5.0,1.0000027047402995,True
inline-xdp-clone,4,7,search,0,1.875,6.0,False,1.8815585,9.37056,9.4077925,1.8741119999999998,5.0,0.9960423765723999,True
inline-xdp-clone,4,8,search,0,1.9375,6.0,False,1.945381,9.4403005,9.726905,1.8880601,5.0,0.9705348720893233,False
inline-xdp-clone,4,9,search,0,1.90625,6.0,False,1.914671,9.45437525,9.573355,1.89087505,5.0,0.9875717812616371,False
inline-xdp-clone,4,10,search,0,1.890625,6.0,False,1.89725175,9.40616,9.48625875,1.881232,5.0,0.9915563393208098,True
inline-xdp-clone,4,162,confirm,1,1.890625,6.0,False,1.897372,9.42682575,9.48686,1.8853651500000002,5.0,0.9936718524358956,True
inline-xdp-clone,4,163,confirm,2,1.890625,6.0,False,1.8971065,9.38528,9.4855325,1.877056,5.0,0.9894310098036141,False
inline-xdp-clone,4,164,confirm,3,1.890625,6.0,False,1.897182,9.40816025,9.48591,1.88163205,5.0,0.9918036593220892,True
inline-xdp-clone,8,1,search,0,0.25,3.3333333333333335,False,0.25079575,2.25715725,2.25716175,0.25079525,9.0,0.9999980063458014,True
inline-xdp-clone,8,2,search,0,0.5,3.3333333333333335,False,0.50171525,4.51524825,4.51543725,0.50169425,9.0,0.99995814358842,True
inline-xdp-clone,8,3,search,0,1.0,3.3333333333333335,False,1.004261,8.673552,9.038349,0.9637280000000001,9.0,0.9596389783134066,False
inline-xdp-clone,8,4,search,0,0.75,3.3333333333333335,False,0.75248425,6.7726305,6.77235825,0.7525145,9.0,1.0000402001769473,True
inline-xdp-clone,8,5,search,0,0.875,3.3333333333333335,False,0.87786375,7.9006165,7.900773750000001,0.8778462777777778,9.0,0.9999800968860801,True
inline-xdp-clone,8,6,search,0,0.9375,3.3333333333333335,False,0.940744,8.466579,8.466696,0.940731,9.0,0.9999861811502384,True
inline-xdp-clone,8,7,search,0,0.96875,3.3333333333333335,False,0.9719905,8.68793275,8.7479145,0.9653258611111111,9.0,0.9931433086137272,True
inline-xdp-clone,8,8,search,0,0.984375,3.3333333333333335,False,0.98750275,8.697888,8.88752475,0.9664320000000001,9.0,0.9786625910662021,False
inline-xdp-clone,8,173,confirm,1,0.96875,3.3333333333333335,False,0.97181325,8.723952,8.746319249999999,0.9693280000000001,9.0,0.9974426670967906,True
inline-xdp-clone,8,174,confirm,2,0.96875,3.3333333333333335,False,0.971911,8.71344025,8.747199,0.9681600277777778,9.0,0.9961406217007295,True
inline-xdp-clone,8,175,confirm,3,0.96875,3.3333333333333335,False,0.971978,8.729568,8.747802,0.969952,9.0,0.9979155906820937,True
inline-xdp-clone,16,1,search,0,0.25,1.7647058823529411,False,0.25086075,4.2646285,4.2646327500000005,0.2508605,17.0,0.9999990034311862,True
inline-xdp-clone,16,2,search,0,0.5,1.7647058823529411,False,0.501653,5.45944375,8.528101,0.32114375,17.0,0.6401710943620391,False
inline-xdp-clone,16,3,search,0,0.375,1.7647058823529411,False,0.37622225,5.46923275,6.395778249999999,0.3217195735294118,17.0,0.855131703479557,False
inline-xdp-clone,16,4,search,0,0.3125,1.7647058823529411,False,0.31355075,5.33041825,5.33036275,0.31355401470588234,17.0,1.000010412049349,True
inline-xdp-clone,16,5,search,0,0.34375,1.7647058823529411,False,0.34494475,5.44472375,5.86406075,0.3202778676470588,17.0,0.9284903383717502,False
inline-xdp-clone,16,6,search,0,0.328125,1.7647058823529411,False,0.32923925,5.463674,5.597067249999999,0.32139258823529415,17.0,0.9761672954706772,False
inline-xdp-clone,16,182,confirm,1,0.3125,1.7647058823529411,False,0.31355825,5.33056675,5.3304902499999995,0.31356275,17.0,1.0000143514004176,True
inline-xdp-clone,16,183,confirm,2,0.3125,1.7647058823529411,False,0.313583,5.330911,5.330911,0.313583,17.0,1.0,True
inline-xdp-clone,16,184,confirm,3,0.3125,1.7647058823529411,False,0.31356075,5.33053275,5.33053275,0.31356075,17.0,1.0,True
inline-xdp-clone,32,1,search,0,0.25,0.9090909090909091,False,0.2508505,4.330128,8.2780665,0.131216,33.0,0.5230844666444755,False
inline-xdp-clone,32,2,search,0,0.125,0.9090909090909091,False,0.1254035,4.1383155,4.1383155,0.1254035,33.0,1.0,True
inline-xdp-clone,32,3,search,0,0.1875,0.9090909090909091,False,0.18806175,4.328016,6.20603775,0.131152,33.0,0.6973879590081449,False
inline-xdp-clone,32,4,search,0,0.15625,0.9090909090909091,False,0.1567615,4.327488,5.1731295,0.131136,33.0,0.8365319290769736,False
inline-xdp-clone,32,5,search,0,0.140625,0.9090909090909091,False,0.14107775,4.327459,4.65556575,0.13113512121212123,33.0,0.9295237641096574,False
inline-xdp-clone,32,190,confirm,1,0.125,0.9090909090909091,False,0.125429,4.13924775,4.139157000000001,0.12543175,33.0,1.0000219247542432,True
inline-xdp-clone,32,191,confirm,2,0.125,0.9090909090909091,False,0.1254455,4.1397015,4.139701499999999,0.12544550000000002,33.0,1.0000000000000002,True
inline-xdp-clone,32,192,confirm,3,0.125,0.9090909090909091,False,0.125428,4.139124,4.139124000000001,0.12542799999999998,33.0,0.9999999999999998,True
inline-xdp-clone,64,1,search,0,0.25,0.46153846153846156,False,0.2509225,3.83492825,16.3099625,0.05899889615384615,65.0,0.23512796243400313,False
inline-xdp-clone,64,2,search,0,0.125,0.46153846153846156,False,0.12540125,3.84104,8.151081249999999,0.05909292307692308,65.0,0.4712307339593751,False
inline-xdp-clone,64,3,search,0,0.0625,0.46153846153846156,False,0.06275125,3.844128,4.0788312499999995,0.05914043076923077,65.0,0.9424582103022773,False
inline-xdp-clone,64,4,search,0,0.03125,0.46153846153846156,False,0.03136,2.03838375,2.0383999999999998,0.03135975,65.0,0.9999920280612246,True
inline-xdp-clone,64,5,search,0,0.046875,0.46153846153846156,False,0.04711175,3.06207175,3.06226375,0.04710879615384615,65.0,0.9999373012856909,True
inline-xdp-clone,64,198,confirm,1,0.046875,0.46153846153846156,False,0.04712575,3.063109,3.0631737500000003,0.04712475384615385,65.0,0.9999788617932625,True
inline-xdp-clone,64,199,confirm,2,0.046875,0.46153846153846156,False,0.04709825,3.0614345,3.06138625,0.04709899230769231,65.0,1.0000157608338378,True
inline-xdp-clone,64,200,confirm,3,0.046875,0.46153846153846156,False,0.0470815,3.0603275,3.0602975,0.04708196153846154,65.0,1.0000098029685023,True
