application,configured_copies,probe_id,requested_tx_mpps,tx_cap_mpps,measured_tx_mpps,measured_rx_mpps,expected_rx_mpps,delivered_input_equiv_mpps,fanout_multiplier,delivery_ratio,success
xdp-clone,0,1,0.25,30.0,0.254628,0.2546315,0.254628,0.2546315,1.0,1.0000137455425169,True
xdp-clone,0,2,0.5,30.0,0.50154625,0.501546,0.50154625,0.501546,1.0,0.9999995015414831,True
xdp-clone,0,3,1.0,30.0,1.0030675,1.0030685,1.0030675,1.0030685,1.0,1.0000009969418806,True
xdp-clone,0,4,2.0,30.0,2.00623,2.00623875,2.00623,2.00623875,1.0,1.000004361414195,True
xdp-clone,0,5,4.0,30.0,4.00957175,4.00953075,4.00957175,4.00953075,1.0,0.9999897744690563,True
xdp-clone,0,6,8.0,30.0,8.01924375,8.0190845,8.01924375,8.0190845,1.0,0.9999801415189556,True
xdp-clone,0,7,16.0,30.0,16.04982875,9.534176,16.04982875,9.534176,1.0,0.5940359955554043,False
xdp-clone,0,8,12.0,30.0,12.03581,9.458144,12.03581,9.458144,1.0,0.7858336082075075,False
xdp-clone,0,9,10.0,30.0,10.023736,9.465935,10.023736,9.465935,1.0,0.944351986125732,False
xdp-clone,0,10,9.0,30.0,9.02624825,9.02625075,9.02624825,9.02625075,1.0,1.0000002769700025,True
xdp-clone,0,11,9.5,30.0,9.573512,9.43115225,9.573512,9.43115225,1.0,0.9851298300978785,False
xdp-clone,0,12,9.25,30.0,9.27919725,9.22675425,9.27919725,9.22675425,1.0,0.994348325767081,True
xdp-clone,0,13,9.375,30.0,9.404354,9.37238425,9.404354,9.37238425,1.0,0.9966005373681169,True
xdp-clone,0,14,9.4375,30.0,9.4671385,9.39679325,9.4671385,9.39679325,1.0,0.9925695340783278,True
xdp-clone,0,15,9.46875,30.0,9.49981575,9.43634075,9.49981575,9.43634075,1.0,0.9933182914626528,True
xdp-clone,1,1,0.25,15.0,0.250849,0.5017025,0.501698,0.25085125,2.0,1.0000089695394443,True
xdp-clone,1,2,0.5,15.0,0.50160225,1.003222,1.0032045,0.501611,2.0,1.0000174441003804,True
xdp-clone,1,3,1.0,15.0,1.003033,2.006058,2.006066,1.003029,2.0,0.9999960120953147,True
xdp-clone,1,4,2.0,15.0,2.006556,4.013129,4.013112,2.0065645,2.0,1.0000042361140185,True
xdp-clone,1,5,4.0,15.0,4.0129105,8.0258655,8.025821,4.01293275,2.0,1.0000055446040972,True
xdp-clone,1,6,8.0,15.0,8.025881,11.0624635,16.051762,5.53123175,2.0,0.6891744034081742,False
xdp-clone,1,7,6.0,15.0,6.0190665,11.21431425,12.038133,5.607157125,2.0,0.9315659039487268,False
xdp-clone,1,8,5.0,15.0,5.018212,10.036369,10.036424,5.0181845,2.0,0.9999945199604959,True
xdp-clone,1,9,5.5,15.0,5.5190355,10.9325565,11.038071,5.46627825,2.0,0.9904408569214675,True
xdp-clone,1,10,5.75,15.0,5.7686965,11.2729185,11.537393,5.63645925,2.0,0.9770767538212488,False
xdp-clone,1,11,5.625,15.0,5.6393635,11.2564695,11.278727,5.62823475,2.0,0.9980265946679975,True
xdp-clone,1,12,5.6875,15.0,5.701515,11.177312,11.40303,5.588656,2.0,0.9802054366251778,False
xdp-clone,1,13,5.65625,15.0,5.6740975,10.942739,11.348195,5.4713695,2.0,0.9642713224437894,False
xdp-clone,1,14,5.640625,15.0,5.65955975,11.203808,11.3191195,5.601904,2.0,0.9898126793342893,False
xdp-clone,2,1,0.25,10.0,0.25090925,0.7527435,0.7527277499999999,0.2509145,3.0,1.0000209238997766,True
xdp-clone,2,2,0.5,10.0,0.5017275,1.50518175,1.5051825,0.50172725,3.0,0.9999995017215519,True
xdp-clone,2,3,1.0,10.0,1.00346825,3.01040475,3.01040475,1.00346825,3.0,1.0,True
xdp-clone,2,4,2.0,10.0,2.0051675,6.01548625,6.0155025,2.0051620833333335,3.0,0.9999972986462894,True
xdp-clone,2,5,4.0,10.0,4.00986475,11.9564735,12.02959425,3.9854911666666664,3.0,0.9939215946539509,True
xdp-clone,2,6,8.0,10.0,8.0274885,12.330336,24.0824655,4.110112,3.0,0.5120047197825323,False
xdp-clone,2,7,6.0,10.0,6.017375,12.5192515,18.052125,4.173083833333333,3.0,0.6935056953128786,False
xdp-clone,2,8,5.0,10.0,5.01641275,12.28073425,15.049238249999998,4.093578083333333,3.0,0.8160369346269072,False
xdp-clone,2,9,4.5,10.0,4.51128275,12.42441625,13.533848250000002,4.141472083333333,3.0,0.9180253849824271,False
xdp-clone,2,10,4.25,10.0,4.2606565,12.366832,12.781969499999999,4.122277333333334,3.0,0.9675216327186512,False
xdp-clone,2,11,4.125,10.0,4.13853525,12.315552,12.415605750000001,4.105184,3.0,0.9919412913059034,True
xdp-clone,2,12,4.1875,10.0,4.1978755,12.44149175,12.593626500000001,4.147163916666667,3.0,0.9879197028751011,False
xdp-clone,2,13,4.15625,10.0,4.17062925,12.36993525,12.51188775,4.12331175,3.0,0.988654589712092,False
xdp-clone,2,14,4.140625,10.0,4.1507465,12.39902225,12.452239500000001,4.133007416666667,3.0,0.9957262908410972,True
xdp-clone,4,1,0.25,6.0,0.25087175,1.25439,1.25435875,0.250878,5.0,1.0000249131279229,True
xdp-clone,4,2,0.5,6.0,0.50164575,2.50823125,2.50822875,0.5016462500000001,5.0,1.0000009967192987,True
xdp-clone,4,3,1.0,6.0,1.00249925,5.01253175,5.01249625,1.00250635,5.0,1.0000070822995628,True
xdp-clone,4,4,2.0,6.0,2.005867,10.02939875,10.029335,2.00587975,5.0,1.0000063563536368,True
xdp-clone,4,5,4.0,6.0,4.00974,12.494,20.0487,2.4988,5.0,0.623182550489558,False
xdp-clone,4,6,3.0,6.0,3.010412,12.54264,15.05206,2.508528,5.0,0.8332839491737344,False
xdp-clone,4,7,2.5,6.0,2.506474,12.5136,12.53237,2.50272,5.0,0.9985022784995975,True
xdp-clone,4,8,2.75,6.0,2.756757,12.35710425,13.783785,2.4714208500000003,5.0,0.8964957194268484,False
xdp-clone,4,9,2.625,6.0,2.634949,12.49816,13.174745000000001,2.499632,5.0,0.9486453058484243,False
xdp-clone,4,10,2.5625,6.0,2.56890025,12.4903545,12.84450125,2.4980709,5.0,0.9724281431324552,False
xdp-clone,4,11,2.53125,6.0,2.539991,12.44423525,12.699955000000001,2.48884705,5.0,0.9798645152679675,False
xdp-clone,4,12,2.515625,6.0,2.52191675,12.5273295,12.609583749999999,2.5054659,5.0,0.9934768465295297,True
xdp-clone,8,1,0.25,3.3333333333333335,0.25091625,2.25824625,2.25824625,0.25091625,9.0,1.0,True
xdp-clone,8,2,0.5,3.3333333333333335,0.5015275,4.51348475,4.5137475,0.5014983055555555,9.0,0.9999417889458814,True
xdp-clone,8,3,1.0,3.3333333333333335,1.00387425,8.57014675,9.034868249999999,0.9522385277777777,9.0,0.9485635554231796,False
xdp-clone,8,4,0.75,3.3333333333333335,0.75253875,6.62577975,6.7728487500000005,0.7361977500000001,9.0,0.9782855035704141,False
xdp-clone,8,5,0.625,3.3333333333333335,0.62704925,5.629758,5.64344325,0.6255286666666666,9.0,0.9975750176986364,True
xdp-clone,8,6,0.6875,3.3333333333333335,0.69007825,6.05641325,6.21070425,0.6729348055555556,9.0,0.9751572456537437,False
xdp-clone,8,7,0.65625,3.3333333333333335,0.658804,5.838524,5.9292359999999995,0.6487248888888888,9.0,0.984700895697186,False
xdp-clone,8,8,0.640625,3.3333333333333335,0.6438535,5.68917025,5.794681499999999,0.6321300277777778,9.0,0.9817917084830289,False
xdp-clone,16,1,0.25,1.7647058823529411,0.2509095,4.2564185,4.2654615,0.2503775588235294,17.0,0.9978799480431367,True
xdp-clone,16,2,0.5,1.7647058823529411,0.50186925,6.76359975,8.531777250000001,0.3978588088235294,17.0,0.792753907165122,False
xdp-clone,16,3,0.375,1.7647058823529411,0.3762415,5.953786,6.3961055,0.35022270588235294,17.0,0.9308454965290989,False
xdp-clone,16,4,0.3125,1.7647058823529411,0.3134415,5.19482275,5.3285054999999995,0.3055778088235294,17.0,0.9749117740424591,False
xdp-clone,16,5,0.28125,1.7647058823529411,0.28226225,4.56215975,4.7984582499999995,0.26836233823529415,17.0,0.950755328547456,False
xdp-clone,16,6,0.265625,1.7647058823529411,0.26655025,4.3598735,4.53135425,0.2564631470588235,17.0,0.9621568430673899,False
xdp-clone,32,1,0.25,0.9090909090909091,0.2506745,6.907688,8.272258500000001,0.2093238787878788,33.0,0.8350425702968541,False
xdp-clone,32,2,0.125,0.9090909090909091,0.12531075,4.12175275,4.13525475,0.12490159848484848,33.0,0.9967349049051936,True
xdp-clone,32,3,0.1875,0.9090909090909091,0.187958,5.740148,6.202614,0.1739438787878788,33.0,0.9254401450743187,False
xdp-clone,32,4,0.15625,0.9090909090909091,0.15677,4.8716595,5.17341,0.14762604545454544,33.0,0.9416728038179847,False
xdp-clone,32,5,0.140625,0.9090909090909091,0.14107075,4.62810225,4.65533475,0.14024552272727275,33.0,0.9941502595490046,True
xdp-clone,64,1,0.25,0.46153846153846156,0.2506465,7.49152025,16.292022499999998,0.1152541576923077,65.0,0.4598275168107582,False
xdp-clone,64,2,0.125,0.46153846153846156,0.125282,6.14696025,8.14333,0.09456861923076923,65.0,0.7548460212222764,False
xdp-clone,64,3,0.0625,0.46153846153846156,0.06276025,3.992657,4.07941625,0.06142549230769231,65.0,0.9787324350634725,False
xdp-clone,64,4,0.03125,0.46153846153846156,0.0313675,2.0384945,2.0388875,0.031361453846153846,65.0,0.9998072478251008,True
xdp-clone,64,5,0.046875,0.46153846153846156,0.04710975,3.05655975,3.06213375,0.04702399615384615,65.0,0.9981797006744071,True
